Date,SPY US Equity
20111222,0.008858919955821554
20111223,0.008940541080393771
20111227,0.0007909509876893317
20111228,-0.013123594223298007
20111229,0.010334731985051082
20111230,-0.004916109463081519
20120103,0.015896690681686643
20120104,0.001607820195882237
20120105,0.0026622101808344567
20120106,-0.002577159768872961
20120109,0.0024274519666882544
20120110,0.008670493072626462
20120111,0.0005421967913501469
20120112,0.002399456979701009
20120113,-0.0051738391372599946
20120117,0.003880485527544497
20120118,0.01105607000286457
20120119,0.00527670018573323
20120120,0.0006085402446422972
20120123,0.0005322631977495718
20120124,-0.001139826658598686
20120125,0.008367657138360185
20120126,-0.005130122522172709
20120127,-0.00045426765304157346
20120130,-0.0034140313860911986
20120131,-0.00038094156667711765
20120201,0.008757666393371277
20120202,0.0015855790405703285
20120203,0.014018229773483215
20120206,-0.0006688233537377464
20120207,0.0025285558599685842
20120208,0.0029675311925458914
20120209,0.001257357946582216
20120210,-0.007380034447270645
20120213,0.007434904297095368
20120214,-0.0012557789828989696
20120215,-0.004660144066703231
20120216,0.011066132164198716
20120217,0.002653577687664832
20120221,0.0004391817109918872
20120222,-0.0032086739978401946
20120223,0.0044031358746357
20120224,0.0021879545398515443
20120227,0.0016797730549291678
20120228,0.0029092382567024178
20120229,-0.003918746141158946
20120301,0.005181752015150254
20120302,-0.0030343287923214612
20120305,-0.00409312920253202
20120306,-0.014624988893805368
20120307,0.006975988458461924
20120308,0.009949093127128883
20120309,0.003866870792967436
20120312,7.257979186214847e-05
20120313,0.01804045286503242
20120314,-0.0010847868733058208
20120315,0.005789233384435821
20120316,0.0013831968089017543
20120319,0.003920189316459544
20120320,-0.0029108033919406084
20120321,-0.0016374693933942641
20120322,-0.007203868715835449
20120323,0.003232695570768218
20120326,0.014035825017475023
20120327,-0.0031074760426621495
20120328,-0.004958273801241475
20120329,-0.0017087428972912821
20120330,0.004135676142905442
20120402,0.007315226729498248
20120403,-0.004089577193619576
20120404,-0.009910233027835558
20120405,-0.0005009852710331497
20120409,-0.011231122238273161
20120410,-0.016784141503596972
20120411,0.00809333734048856
20120412,0.013065867007046483
20120413,-0.011888519242469253
20120416,-0.0006559014977437494
20120417,0.014826460928583085
20120418,-0.0033938940908695425
20120419,-0.006420326598471249
20120420,0.0016698091547286964
20120423,-0.008408928310955854
20120424,0.003801878523764346
20120425,0.013691448688905927
20120426,0.006969249766587415
20120427,0.0016407395633581956
20120430,-0.0037043862253481885
20120501,0.0062203390701347505
20120502,-0.0029488207270182976
20120503,-0.007660588555123415
20120504,-0.01615852662036832
20120507,0.0007300099666032178
20120508,-0.004011689111566463
20120509,-0.005931251167698548
20120510,0.0020621176545330133
20120511,-0.003014164725026802
20120514,-0.011060620111904562
20120515,-0.005741757554756144
20120516,-0.003831978607031883
20120517,-0.014824206016788022
20120518,-0.008558821187361398
20120521,0.01718878957465164
20120522,0.0017425634742358476
20120523,0.0005291077196272198
20120524,0.00196589965490368
20120525,-0.0032444645277903694
20120529,0.012112502380067447
20120530,-0.014510839233195738
20120531,-0.0022007670414000424
20120601,-0.025176513460574923
20120604,-0.0004682177352652861
20120605,0.0075716633910354325
20120606,0.02246912617899577
20120607,0.0006062668754112099
20120608,0.00795107089115299
20120611,-0.012659515018551115
20120612,0.011451971443440678
20120613,-0.006394198364325088
20120614,0.010599822248018365
20120615,0.010230197388966467
20120618,0.001938266823481083
20120619,0.009672586064737976
20120620,-0.0016218257173966633
20120621,-0.022438132864494253
20120622,0.007701436191891675
20120625,-0.016035127285518924
20120626,0.005025946368733214
20120627,0.009039201170076394
20120628,-0.00287572295710925
20120629,0.02496460035641923
20120702,0.0029757345003980085
20120703,0.006606799006317887
20120705,-0.004526507383323275
20120706,-0.009503591939629907
20120709,-0.0012540927307473915
20120710,-0.008720108554476691
20120711,0.000149234109232399
20120712,-0.0048449440277961164
20120713,0.01677702302891393
20120716,-0.0023567950746933297
20120717,0.006867128757124474
20120718,0.007406637136822658
20120719,0.0026204509673808385
20120720,-0.009148040101187305
20120723,-0.010112616584970535
20120724,-0.00862382246057225
20120725,0.00026157910143131957
20120726,0.0164974111330618
20120727,0.018396302363351325
20120730,3.608845796598814e-05
20120731,-0.006994893667477409
20120801,-0.0008713273595060134
20120802,-0.006903951758940208
20120803,0.019825085089851147
20120806,0.0019453373043867295
20120807,0.005013066060842952
20120808,0.001211774336538518
20120809,0.0008540854034515544
20120810,0.0016355294624108563
20120813,-0.0004966259890216707
20120814,0.00014220548862398097
20120815,0.0011357894710115612
20120816,0.00737848286286491
20120817,0.0013385060929300696
20120820,7.039762927618654e-05
20120821,-0.003024370949278765
20120822,0.00042363727907179793
20120823,-0.00814400256763359
20120824,0.006006736083109976
20120827,0.00021219283613405082
20120828,-0.0009891813030422636
20120829,0.0007778028712135399
20120830,-0.007207820148046662
20120831,0.004769138255816818
20120904,-0.0009209377864740631
20120905,-0.0008508150334877174
20120906,0.02029657591470735
20120907,0.003895352595713719
20120910,-0.0056816586942917136
20120911,0.0027873170018863913
20120912,0.003335152155967247
20120913,0.015236402317603481
20120914,0.004434122994687151
20120917,-0.003395681916213422
20120918,-0.0008177079653850505
20120920,0.000613579697094746
20120921,-0.0004142168985875605
20120924,-0.001542987936418272
20120925,-0.010607651180391087
20120926,-0.005586468113456533
20120927,0.00938624635340024
20120928,-0.004632273829414557
20121001,0.002604762665287863
20121002,0.0010740133118531947
20121003,0.004083105719464797
20121004,0.007133124426131454
20121005,0.00010301083641572895
20121008,-0.003407928746552158
20121009,-0.009900675859880081
20121010,-0.006380693040416996
20121011,0.0005583699237969864
20121012,-0.0032780759141202154
20121015,0.008327900290812984
20121016,0.010133050790292364
20121017,0.004535223104636721
20121019,-0.019223145601221847
20121022,0.00014217214236067477
20121023,-0.013876342695250288
20121024,-0.0028285686269414745
20121025,0.0029080322203247633
20121026,-0.0005656734279307907
20121031,0.0
20121101,0.010470462261643387
20121102,-0.008892355694227638
20121105,0.0020395792237541954
20121107,-0.015006684491978617
20121108,-0.012023684299820148
20121109,0.0008689186427697226
20121112,0.0007600726787329037
20121113,-0.0034357309157492244
20121114,-0.01349956475214964
20121115,-0.001690700363252029
20121116,0.004937449942048477
20121119,0.020238558774040127
20121120,0.0004310557799809267
20121121,0.0018682389165916025
20121123,0.013625291314864896
20121126,-0.002123104864777736
20121127,-0.005103940050131817
20121128,0.008052453278625471
20121129,0.004665188128235798
20121130,0.00024685407004820803
20121203,-0.004960042021536104
20121204,-0.0014135655368197053
20121205,0.0017696679418233163
20121206,0.0033923632458801034
20121207,0.003063674338930733
20121210,0.0004077970801730224
20121211,0.006786637694373265
20121212,0.0004883385417269182
20121213,-0.006132223118770153
20121214,-0.0036795990001595724
20121217,0.011715948101861384
20121218,0.01112850584207381
20121219,-0.007429209708848639
20121220,0.005752432647334604
20121221,-0.009078725025543077
20121224,-0.0030817161672649362
20121226,-0.004214804563034358
20121227,-0.0013292396184808597
20121228,-0.010819331136877719
20121231,0.016996502870570973
20130102,0.02563021876673477
20130103,-0.002231139258865311
20130104,0.0043632364021348735
20130107,-0.002736181599480303
20130108,-0.0028767210540022736
20130109,0.0025446074455843792
20130110,0.007949962899635343
20130111,-6.801431021086213e-05
20130114,-0.0006801893647191415
20130115,0.0006806523371998274
20130116,-0.0001360378729438061
20130117,0.0064602771388462266
20130118,0.0022297253239225157
20130122,0.005393705597933396
20130123,0.0016091152154904531
20130124,0.00026788633740282286
20130125,0.005621743394234713
20130128,-0.001197645127331004
20130129,0.003931323780940632
20130130,-0.0039159289961535615
20130131,-0.0024656058183278873
20130201,0.01028695777276556
20130204,-0.011273193036408391
20130205,0.010131457889480222
20130206,0.0007284938487068793
20130207,-0.0013235700577308718
20130208,0.005564802507201483
20130211,-0.00019769847958239772
20130212,0.00164703765853913
20130213,0.000861647178318492
20130214,0.0009135033743932208
20130215,-0.0011816019400218147
20130219,0.007494137226426334
20130220,-0.012463109457110932
20130221,-0.00607885008095288
20130222,0.009772188305139373
20130225,-0.019026706038321572
20130226,0.006845695789506223
20130227,0.012598080516631915
20130228,-0.0019747795320183004
20130301,0.003298329177754411
20130304,0.0053246595490674675
20130305,0.008959032876979967
20130306,0.0013615560640733992
20130307,0.0017862787889868503
20130308,0.0042900701831758425
20130311,0.003795507475930604
20130312,-0.0022431993121054816
20130313,0.0014454067890272704
20130314,0.00529167229677463
20130315,-0.0013223371351466229
20130318,-0.005518913180126983
20130319,-0.0023226415208464912
20130320,0.006984904058928931
20130321,-0.00854921480428994
20130322,0.008039975193883109
20130325,-0.004177682530766003
20130326,0.008003260587646555
20130327,0.0
20130328,0.0030726644636902556
20130401,-0.003956949940208232
20130402,0.004933738784397512
20130403,-0.010138812824963095
20130404,0.004058569605185802
20130405,-0.004503739208616797
20130408,0.006779753171071157
20130409,0.0034570568137923807
20130410,0.012248995383548289
20130411,0.0032771850176966932
20130412,-0.0024502281310330165
20130415,-0.023186406162382434
20130416,0.014776096291624352
20130417,-0.01461155809229464
20130418,-0.006253838303645454
20130419,0.008693715470663221
20130422,0.004437879855461846
20130423,0.010309301554385586
20130424,0.000633440144362174
20130425,0.004054270676557836
20130426,-0.0017665350265461122
20130429,0.00669879700060938
20130430,0.0023852814234899267
20130501,-0.008767778249834324
20130502,0.009287265653106669
20130503,0.01012888102635423
20130506,0.0025529356581794893
20130507,0.00506752107906272
20130508,0.004551969337438733
20130509,-0.002809762507998248
20130510,0.00324784861500671
20130513,0.0007951724642314417
20130514,0.010334043810786175
20130515,0.005355981673508481
20130516,-0.004665131842522596
20130517,0.009676587265029957
20130520,-5.965778888583628e-05
20130521,0.0014374875413067922
20130522,-0.007417526192285195
20130523,-0.0028930081282441122
20130524,-0.0008576025653010966
20130528,0.006000574115879287
20130529,-0.006494609079911506
20130530,0.0036926118686941845
20130531,-0.014382613119294674
20130603,0.005537060454606779
20130604,-0.004806485832914986
20130605,-0.013989079806812188
20130606,0.009040858227660653
20130607,0.012720486268614106
20130610,0.0
20130611,-0.010327551013878722
20130612,-0.00826506839424912
20130613,0.015208279910583045
20130614,-0.0063025644794516555
20130617,0.007752071575258812
20130618,0.007875558621004197
20130619,-0.013787116236093189
20130620,-0.024778370287747764
20130621,0.0032107235815446167
20130624,-0.012636200376755835
20130625,0.009646302250803762
20130626,0.009869451006275343
20130627,0.005869766155503386
20130628,-0.004097521444515695
20130701,0.0058595225778701465
20130702,-0.0009296063366358576
20130703,0.00043450913481346554
20130705,0.010788634824692833
20130708,0.005673839994280394
20130709,0.00722788269317709
20130710,0.0003754932760589025
20130711,0.013608638748072943
20130712,0.00041834218163017134
20130715,0.003850478422291914
20130716,-0.0037469901397185756
20130717,0.002538000434131771
20130718,0.005476752255378248
20130719,0.0017765299276966129
20130722,0.0019511307877690953
20130723,-0.0021240488538112334
20130724,-0.003665908907676374
20130725,0.0024331051692072503
20130726,0.0010659531794727783
20130729,-0.0030752223367830345
20130730,-1.1752587297575445e-05
20130731,0.0007238296186655724
20130801,0.011557698684646844
20130802,0.0016998463377155826
20130805,-0.0014624278757162656
20130806,-0.005682803561942618
20130807,-0.003240468291959453
20130808,0.0036650426577895523
20130809,-0.0028856344277328194
20130812,-0.001175767622058066
20130813,0.0029504603848486965
20130814,-0.005129047353668481
20130815,-0.01398626998494934
20130816,-0.0033057144938664074
20130819,-0.006391581723196871
20130820,0.004915417888329721
20130821,-0.006159795701164872
20130822,0.009115292514481954
20130823,0.0033724433826063382
20130826,-0.003721351885997981
20130827,-0.016084051597030857
20130828,0.0035508363304219692
20130829,0.0015863918722125447
20130830,-0.0031677584381856194
20130903,0.004521741607643293
20130904,0.0082732226644755
20130905,0.0012671196513944771
20130906,0.000481766946994977
20130909,0.00960051550914609
20130910,0.007372654155495928
20130911,0.0031389503151373344
20130912,-0.0026564564068691787
20130913,0.0022489288269214036
20130916,0.005787289575789112
20130917,0.004462626783836132
20130918,0.011580167982950806
20130919,-0.0016817476166260947
20130920,-0.006991987953595347
20130923,-0.004627339826510535
20130924,-0.002354116769379133
20130925,-0.0028905807433274866
20130926,0.0038458398031040453
20130927,-0.004602795306160479
20130930,-0.005322428911823773
20131001,0.007916252168564286
20131002,-0.0009452015950619508
20131003,-0.009220321041857216
20131004,0.007576234606556875
20131007,-0.008644856283041347
20131008,-0.01164638547790231
20131009,0.0007254371196714349
20131010,0.021557529586534452
20131011,0.0064434297311009026
20131014,0.003994037895333369
20131015,-0.007254032260800458
20131016,0.01396545714266173
20131017,0.006683324986198613
20131018,0.006743410259947069
20131021,6.85054960696263e-05
20131022,0.00579131063983751
20131023,-0.004788605736805174
20131024,0.003322042817145432
20131025,0.004567915459791294
20131028,0.001591302811609241
20131029,0.005333649245430783
20131030,-0.004966893920448356
20131031,-0.002836320428546979
20131101,0.0023891275890461916
20131104,0.0035188716441214574
20131105,-0.00316676756857448
20131106,0.005105428177567983
20131107,-0.012643419307449832
20131108,0.01349157042065352
20131111,0.00016878752333093772
20131112,-0.0020296872005425293
20131113,0.008024492299948172
20131114,0.0049891186107193786
20131115,0.004351004774782785
20131118,-0.0034992221445618865
20131119,-0.0021733607513804154
20131120,-0.0031285004512322523
20131121,0.008069033912558643
20131122,0.005002133917162865
20131125,-0.000995575717959607
20131126,0.00027739518218505843
20131127,0.002434879960353742
20131129,-0.000662794495283614
20131202,-0.002596545415514573
20131203,-0.0043206382594607184
20131204,-0.00011098506992701651
20131205,-0.004395367536877526
20131206,0.011176613569704008
20131209,0.002542278358326655
20131210,-0.0035831568609399067
20131211,-0.011230893620298055
20131212,-0.0033013645467063757
20131213,-0.00011199440548881334
20131216,0.006209222469896414
20131217,-0.003158261247746208
20131218,0.017072936373658365
20131219,-0.0011560280383079435
20131220,0.005818144635599154
20131223,0.005342901292614943
20131224,0.002191151590149154
20131226,0.005056314402108741
20131227,-5.39605134530774e-05
20131230,-0.0001361635267483896
20131231,0.004733111383754318
20140102,-0.009584027952582064
20140103,-0.00019108846639215304
20140106,-0.0028706594758254322
20140107,0.006141830808344295
20140108,0.00021754055936828998
20140109,0.0006543655168860241
20140110,0.0027225413736458037
20140113,-0.013332046968198119
20140114,0.010925440078021653
20140115,0.005390178720036776
20140116,-0.0013000261754428921
20140117,-0.0042567006285278985
20140121,0.0029682426307486853
20140122,0.0006513939831238602
20140123,-0.008193458252796604
20140124,-0.021335718063319797
20140127,-0.004919008537330072
20140128,0.005954282670302735
20140129,-0.009605232049135548
20140130,0.010600578000467209
20140131,-0.00585840199888521
20140203,-0.022505380159061117
20140204,0.006976406855728978
20140205,-0.0012260447690511933
20140206,0.013186940556032756
20140207,0.012395872332459756
20140210,0.0018368391215273228
20140211,0.010943792344151548
20140212,0.0004944516816112188
20140213,0.005162565696309684
20140214,0.005519300216271228
20140218,0.001195469627736756
20140219,-0.006622018964420495
20140220,0.0059009656354789275
20140221,-0.0011404351950832226
20140224,0.005546835693969188
20140225,-0.00037868768185744806
20140226,5.429704979786898e-05
20140227,0.0052471816992678555
20140228,0.002529190609340093
20140303,-0.0070315431744801815
20140304,0.014055407165900258
20140305,0.000905876760171509
20140306,0.0022905988367591945
20140307,0.00042482758620687733
20140310,-0.000530655788835821
20140311,-0.0049427464184707
20140312,0.0002667874295676498
20140313,-0.011213170979298193
20140314,-0.002807672852226939
20140317,0.009043334414085447
20140318,0.007137758301846375
20140319,-0.005328441756590863
20140320,0.005822972249724057
20140321,-0.0038642184066810525
20140324,-0.004135807457036678
20140325,0.00474573583680904
20140326,-0.0071922444339782565
20140327,-0.0021080449078763053
20140328,0.004929991998018801
20140331,0.008194300397826648
20140401,0.006630394795913874
20140402,0.0033470505870762945
20140403,-0.0013237736243730813
20140404,-0.01182198343363583
20140407,-0.01105149394805005
20140408,0.004122710609017144
20140409,0.010751233689639372
20140410,-0.02103310341101905
20140411,-0.008981033351853074
20140414,0.00787852480302087
20140415,0.006887143141453889
20140416,0.010450849953828056
20140417,0.0014235872423875584
20140421,0.0034870515712681627
20140422,0.004544617198437795
20140423,-0.0023418001235999686
20140424,0.002027461720860879
20140425,-0.00819922233045256
20140428,0.00314058656341909
20140429,0.004681995520821269
20140430,0.0029828066522215035
20140501,7.989860805657223e-05
20140502,-0.001407566830455842
20140505,0.0019146195708930058
20140506,-0.008704472196891744
20140507,0.0058896016371348114
20140508,-0.0010911865140351695
20140509,0.001518926299027834
20140512,0.009708951434467039
20140513,0.0009222836809044122
20140514,-0.004737766212157046
20140515,-0.008780104343092954
20140516,0.0034682576892786088
20140519,0.0036694244353860928
20140520,-0.00630491163630742
20140521,0.008423961135630265
20140522,0.0024327191618234156
20140523,0.004008546558083914
20140527,0.006146596353192368
20140528,-0.0007310226461101355
20140529,0.005173113253972295
20140530,0.0016114125502708632
20140602,0.0011158618691760047
20140603,-0.0004930041637417615
20140604,0.002023028931815718
20140605,0.006522332344668591
20140606,0.004756538246631248
20140609,0.0010493265792363982
20140610,0.00010218007652951222
20140611,-0.003476116379437011
20140612,-0.007080188317924896
20140613,0.0030484584425742867
20140616,0.0008247295815828615
20140617,0.0027789518486442955
20140618,0.007313955997184651
20140619,0.0011464500720701487
20140620,0.0020283951945154755
20140623,-0.0003062685292460898
20140624,-0.006023959287068448
20140625,0.0045199590919924315
20140626,-0.000715941773186124
20140627,0.0019440779315573753
20140630,-0.0005101766822405152
20140701,0.006692916604857491
20140702,0.0010152472736257856
20140703,0.004918085991742593
20140707,-0.0034816379211904946
20140708,-0.006429706982453376
20140709,0.0044844877729413035
20140710,-0.003957075243577024
20140711,0.0013751090131932653
20140714,0.0050353363053503575
20140715,-0.0018724999349224447
20140716,0.003701024881365589
20140717,-0.011365854165535705
20140718,0.010218611469655414
20140721,-0.0018708814302876853
20140722,0.0043581263068877
20140723,0.0022197820703433457
20140724,5.063865121646138e-05
20140725,-0.004681536413963738
20140728,0.0004046815878548937
20140729,-0.00429771360711495
20140730,0.00015263914828533842
20140731,-0.019748375337510282
20140801,-0.0030557958003822883
20140804,0.007221123374267391
20140805,-0.0096961057581203
20140806,0.0003125370207543998
20140807,-0.005415020656705849
20140808,0.011568745598293795
20140811,0.0028724192738387444
20140812,-0.001367805088659635
20140813,0.006769247852162152
20140814,0.004722042475502342
20140815,-0.00020436667351775295
20140818,0.008378994287076003
20140819,0.005218912258449393
20140820,0.002671673918654749
20140821,0.002915668009191963
20140822,-0.0015538635453413718
20140825,0.005070540538214097
20140826,0.0006491760260491919
20140827,-0.0003994093306585178
20140828,-0.0005491218616714422
20140829,0.002848207177230666
20140902,-0.0004983162605435298
20140903,-0.0005487060679029154
20140904,-0.0014452061627924229
20140905,0.004494330703266991
20140908,-0.002585522890602099
20140909,-0.006331548388677555
20140910,0.003763149805706245
20140911,0.0011495080311303418
20140912,-0.0058413788301947545
20140915,-0.0007479521723906535
20140916,0.0075333742726708675
20140917,0.0013467122716732671
20140918,0.005330067307686814
20140919,-0.0008999651114846019
20140922,-0.00772320277092009
20140923,-0.005723798582161543
20140924,0.007827546897480664
20140925,-0.01613555186244131
20140926,0.007945701284048923
20140929,-0.0018195668108713647
20140930,-0.0026320942715952755
20141001,-0.013552079182763688
20141002,0.00015454665728453776
20141003,0.011009162498258673
20141006,-0.0011700375442527111
20141007,-0.01543638865478747
20141008,0.01748926495400438
20141009,-0.019833367084213238
20141010,-0.011413925390376223
20141013,-0.01642767363194786
20141014,0.0015480599773074477
20141015,-0.006766385436057121
20141016,-0.000858044318049922
20141017,0.011810989956047013
20141020,0.00970938841839697
20141021,0.01981077647410512
20141022,-0.007110609282308555
20141023,0.011624721308997499
20141024,0.007695001517521449
20141027,-0.0013744538095481484
20141028,0.011470126109907053
20141029,-0.001512121919345466
20141030,0.006410838066468694
20141031,0.011435529917548815
20141103,0.0005455654331547599
20141104,-0.0034695281486827323
20141105,0.006316461333105483
20141106,0.004002923894402599
20141107,0.0009352760940628535
20141110,0.0031473126985255284
20141111,0.0009560122797938053
20141112,-0.0010526151552063823
20141113,0.0011273567250091876
20141114,0.0002451649570125447
20141117,0.0006361585382836932
20141118,0.0057741169030425255
20141119,-0.001605721927264936
20141120,0.0017541107118841381
20141121,0.00535107395041412
20141124,0.0028063476964608203
20141125,-0.0007240513500071932
20141126,0.0025593627686604226
20141128,-0.002119412569847934
20141201,-0.006949943058458197
20141202,0.006439558774659071
20141203,0.0038875810027168
20141204,-0.0011065924341255862
20141205,0.0016376206779604718
20141208,-0.006683083560970804
20141209,-0.0006773202348044904
20141210,-0.01603085824493733
20141211,0.005069279783698866
20141212,-0.01616138540488432
20141215,-0.006869210881772503
20141216,-0.008019612494696515
20141217,0.019604337535850558
20141218,0.024729154861680813
20141219,0.004253703627285166
20141222,0.004600028709088155
20141223,0.00134980219262415
20141224,9.640118578913004e-05
20141226,0.003224499442887385
20141229,0.001343520566721379
20141230,-0.005366329656032343
20141231,-0.009922872367966962
20150102,-0.0005350817073070946
20150105,-0.018059863194704873
20150106,-0.009418976163124704
20150107,0.012461551354706168
20150108,0.017744976367436438
20150109,-0.00801383943855316
20150112,-0.007833724068550763
20150113,-0.002812390599010728
20150114,-0.006037069014751539
20150115,-0.009161303842305957
20150116,0.01311485848426397
20150120,0.0021077571185905697
20150121,0.005072952745212689
20150122,0.014870704544897473
20150123,-0.005482861870530487
20150126,0.002342248746485698
20150127,-0.013190692551287242
20150128,-0.01282454114551912
20150129,0.009244581133184715
20150130,-0.01257581902472149
20150202,0.012384255713606462
20150203,0.014460772227427476
20150204,-0.0038075342004177948
20150205,0.010095011547216037
20150206,-0.0027655926893496163
20150209,-0.00447586276369516
20150210,0.010653568533515623
20150211,0.0005804891099476794
20150212,0.009616530787443178
20150213,0.004116621543237553
20150217,0.001572800264075136
20150218,9.531841196297464e-05
20150219,-0.0007140122480562283
20150220,0.005995845423904189
20150223,-0.00014194563000291538
20150224,0.0028457442676628197
20150225,-0.0008499117769138476
20150226,-0.0011815856558708981
20150227,-0.003406028826255625
20150302,0.0063137993173254525
20150303,-0.004103973739692068
20150304,-0.004215212172825278
20150305,0.0010936514395079033
20150306,-0.014064842034636094
20150309,0.004144793488295662
20150310,-0.01622184040124508
20150311,-0.002341581677151039
20150312,0.01271361338177246
20150313,-0.006145879545350175
20150316,0.01337432101778746
20150317,-0.0029722058877776902
20150318,0.012021656937440062
20150319,-0.00456175928534408
20150320,0.008826152025634748
20150323,-0.0019487281069231477
20150324,-0.005618896657896277
20150325,-0.01465392146814326
20150326,-0.0023814672575624973
20150327,0.0022894710125640483
20150330,0.012200323363594778
20150331,-0.008739607618285183
20150401,-0.0035365962130426976
20150402,0.003573243552280614
20150406,0.006757623198117013
20150407,-0.002646097710491402
20150408,0.0033525370102369667
20150409,0.0044478916387002965
20150410,0.005457055347051432
20150413,-0.004522685830741224
20150414,0.0019125434295512722
20150415,0.004487241876048875
20150416,-0.00028478712162660624
20150417,-0.011503965130412852
20150420,0.009136825409550964
20150421,-0.0011911452655062327
20150422,0.004914295418806169
20150423,0.002516260766975531
20150424,0.0023194986724766053
20150427,-0.004157239563125303
20150428,0.0031789127135131157
20150429,-0.004114483108403344
20150430,-0.010020301662917452
20150501,0.010841501069398074
20150504,0.002847158481308787
20150505,-0.011451718397431088
20150506,-0.00411705707260257
20150507,0.003989506428530687
20150508,0.013166232789868282
20150511,-0.004796058395870051
20150512,-0.0029679891485738796
20150513,0.00019044379842569903
20150514,0.010427896688625093
20150515,0.0010839423652662106
20150518,0.003106729603702396
20150519,-0.0003287934812200577
20150520,-0.0007038071684689617
20150521,0.0029124590170874765
20150522,-0.0023890475255841093
20150526,-0.010751601977588288
20150527,0.009492322472719472
20150528,-0.0011285797054783053
20150529,-0.0062128761035438185
20150601,0.0020364230019231933
20150602,-0.0009924490810794273
20150603,0.0026493376922247514
20150604,-0.008450057380870235
20150605,-0.001709560242565522
20150608,-0.0061497054832369
20150609,-0.0001437254390245224
20150610,0.011993072086507128
20150611,0.003223725595110416
20150612,-0.00765470015409464
20150615,-0.00428571275318701
20150616,0.005451575785522467
20150617,0.001617497042535998
20150618,0.010399131738560996
20150619,-0.0044390351332292965
20150622,0.005122999310304133
20150623,0.0007084007654325486
20150624,-0.007262972690630476
20150625,-0.003040301974571946
20150626,-0.0001906985067291478
20150629,-0.02097015132702329
20150630,0.0020928174070018457
20150701,0.008015605352740485
20150702,-0.0009157152952006253
20150706,-0.0028459155461179053
20150707,0.006288861389091682
20150708,-0.016777400491795103
20150709,0.0018092449622311157
20150710,0.012591509334348716
20150713,0.011037186479176508
20150714,0.0043382487326733
20150715,-0.0003325564813928539
20150716,0.00802446300874804
20150717,0.000848016533682161
20150720,0.0005175587476660137
20150721,-0.003951133136259943
20150722,-0.0017946715724552753
20150723,-0.005630232268295399
20150724,-0.010371648055195859
20150727,-0.00581738456986447
20150728,0.012282895831740914
20150729,0.006878779781046562
20150730,0.00023721107850205314
20150731,-0.0015175781706961988
20150803,-0.0033731428808790875
20150804,-0.0019541102039071223
20150805,0.0032953506911670427
20150806,-0.008187570773419361
20150807,-0.0019197296882860204
20150810,0.012598738455019687
20150811,-0.009023114377251229
20150812,0.001197991457192682
20150813,-0.001244312995961172
20150814,0.0036424979584819273
20150817,0.005586840386694769
20150818,-0.002896873537789446
20150819,-0.007905463300829974
20150820,-0.02088114739763225
20150821,-0.030102394968351653
20150824,-0.04210679013639884
20150825,-0.01176792118988923
20150826,0.038393343509622424
20150827,0.024735283808961617
20150828,5.006761941395155e-05
20150831,-0.008079046625245723
20150901,-0.029847622925578632
20150902,0.01898120760487587
20150903,0.0007165136019982032
20150904,-0.015136905730985584
20150908,0.025130863843977336
20150909,-0.01337170150501188
20150910,0.0054418887313307795
20150911,0.004544132865659911
20150914,-0.0037104842261687088
20150915,0.012499749787677095
20150916,0.008666545034910822
20150917,-0.0022478403596546404
20150918,-0.01633945108604129
20150921,0.0051672155692039645
20150922,-0.012979353376732172
20150923,-0.0015988230821744054
20150924,-0.003615785492964041
20150925,-0.00025900115741128715
20150928,-0.025097237337749823
20150929,0.0005848598412456774
20150930,0.018658335605800103
20151001,0.002608922363172672
20151002,0.014938324848199125
20151005,0.017794713686116514
20151006,-0.003426481793233349
20151007,0.008190824156926402
20151008,0.009026355952725273
20151009,0.0005963739796932543
20151012,0.0009438806456276705
20151013,-0.006302098984126703
20151014,-0.004793863320318503
20151015,0.015354044524378718
20151016,0.004546809820447972
20151019,0.0004921246342668439
20151020,-0.001376942168428985
20151021,-0.006105667194737152
20151022,0.01689359416920433
20151023,0.01096192285688069
20151026,-0.0024576389146404587
20151027,-0.0019324884330842451
20151028,0.011374475120764727
20151029,-0.0005742829069177446
20151030,-0.004309596729619503
20151102,0.011831085629084415
20151103,0.0028989363675782087
20151104,-0.003032732688767581
20151105,-0.000998258481618608
20151106,-0.0005237735897117846
20151109,-0.009331453768818831
20151110,0.0023067358401578364
20151111,-0.003931782793196614
20151112,-0.013959698108912955
20151113,-0.011228302465119744
20151116,0.015206784853562194
20151117,-0.0007294792602808853
20151118,0.015866494141451915
20151119,-0.0008623319614738945
20151120,0.0036480210475091646
20151123,-0.0011508479245043723
20151124,0.0013394021604327122
20151125,-0.00014329639234023084
20151130,-0.0030096555119211166
20151201,0.00953556599387606
20151202,-0.01020986113360789
20151203,-0.01399779449436489
20151204,0.019502715204057886
20151207,-0.006058577957905986
20151208,-0.006724435183306898
20151209,-0.007774433124355218
20151210,0.0025808259620663243
20151211,-0.019381123637137954
20151214,0.00505677408306604
20151215,0.010497422500507003
20151216,0.014628245448186528
20151217,-0.015238084005935515
20151218,-0.017813602530693307
20151221,0.008245004555924806
20151222,0.009074167729451688
20151223,0.012383234720343417
20151224,-0.0016498435715831539
20151228,-0.0022853545425733923
20151229,0.010671769350617977
20151230,-0.007087319583110152
20151231,-0.010003515388843476
20160104,-0.013983409145905568
20160105,0.0016952984971736473
20160106,-0.01261448948535615
20160107,-0.023991140909060404
20160108,-0.010961010885598976
20160111,0.0009738909426986186
20160112,0.008072660290405764
20160113,-0.02494454382826472
20160114,0.016416955322021698
20160115,-0.021466409205302628
20160119,0.0013310910401340692
20160120,-0.012815131747265007
20160121,0.005601884612284058
20160122,0.020515488160304463
20160125,-0.015116284482678433
20160126,0.013643190280320017
20160127,-0.01088328792801363
20160128,0.00520923566841458
20160129,0.02438115024627363
20160201,-0.00036511054036370005
20160202,-0.018022324531222655
20160203,0.005994880186929841
20160204,0.001568168383963675
20160205,-0.019050087774824198
20160208,-0.013460841991268069
20160209,5.381034007556629e-05
20160210,-0.0008627126963449694
20160211,-0.013008111594865479
20160212,0.020616581658481126
20160216,0.016878384037589456
20160217,0.01633477795321947
20160218,-0.004095797755185648
20160219,-0.0004686311468881099
20160222,0.014479523573613706
20160223,-0.012629690529894932
20160224,0.004575217275264221
20160225,0.012112114524552853
20160226,-0.0023057829967355614
20160229,-0.007838005090469724
20160301,0.02350675786355505
20160302,0.004492425327698779
20160303,0.003894629411332007
20160304,0.003278530232898813
20160307,0.0007981481635126464
20160308,-0.010917563936336139
20160309,0.004939585074853703
20160310,0.0008023513398101034
20160311,0.01613694485326178
20160314,-0.001282155026485099
20160315,-0.0016297977616421822
20160316,0.005787358181210012
20160317,0.006343965490921422
20160318,0.0039277936093442545
20160321,0.0014187267615362043
20160322,-0.0005372638558299725
20160323,-0.006603756290768037
20160324,-0.00043908830288297285
20160328,0.0005907761810772794
20160329,0.009254189293836923
20160330,0.004383837710360217
20160331,-0.0024267387746602642
20160401,0.006811720043833791
20160404,-0.0032375690195454165
20160405,-0.009991845028809787
20160406,0.010925059686497374
20160407,-0.01196591517477874
20160408,0.002692557908381632
20160411,-0.0023423131893319793
20160412,0.009311782256202994
20160413,0.010105343668453504
20160414,4.401084045313475e-05
20160415,-0.0011055248671513196
20160418,0.00702267692978964
20160419,0.003157933021879833
20160420,0.0009531726356430958
20160421,-0.005378669684797055
20160422,0.0
20160425,-0.001722712892796019
20160426,0.001481953789265411
20160427,0.002062584962187586
20160428,-0.009087882191544105
20160429,-0.0053831128162212805
20160502,0.007944377596876606
20160503,-0.008706955116595805
20160504,-0.005574039389022345
20160505,-0.00019528917323274886
20160506,0.003659024149021084
20160509,0.0008224235331080187
20160510,0.012437639044908355
20160511,-0.009354640891315213
20160512,0.0002905531244876691
20160513,-0.008714061836734177
20160516,0.00986525829309226
20160517,-0.009329912578740496
20160518,0.00028912346594967
20160519,-0.003464711027383438
20160520,0.006317251779427657
20160523,-0.0013627575901679068
20160524,0.012962520054068616
20160525,0.006782995607288678
20160526,0.0002866934703982249
20160527,0.004299169512144374
20160531,-0.001902737434300028
20160601,0.002049328961711838
20160602,0.0030438406418553665
20160603,-0.0029870165185360564
20160606,0.005088211043531743
20160607,0.0015613706872483757
20160608,0.003259594728584947
20160609,-0.0013653504286910145
20160610,-0.009477430775855389
20160613,-0.007715812795984656
20160614,-0.001963000353445765
20160615,-0.001393767753441466
20160616,0.0029841396243943663
20160617,-0.003721590518122042
20160620,0.006439753163161699
20160621,0.0028389894928881887
20160622,-0.0016312981848847219
20160623,0.013022674607129137
20160624,-0.03643079684007933
20160627,-0.017378420466705014
20160628,0.01803483612640222
20160629,0.01702904067811617
20160630,0.013621514517457411
20160701,0.00212817556741296
20160705,-0.007197328050762897
20160706,0.005998083645706309
20160707,-0.0006395116684714264
20160708,0.014909842894704761
20160711,0.003527196719645076
20160712,0.007263541566512544
20160713,-0.0001398639950261904
20160714,0.0055836003373543885
20160715,-0.0013418225737913403
20160718,0.002683692362127177
20160719,-0.0010130073592602429
20160720,0.0041398799297789335
20160721,-0.0037776016626703823
20160722,0.0045088101145087656
20160725,-0.0027162754802347866
20160726,0.0004618799628672843
20160727,-0.0010615297468780094
20160728,0.0011548865535531139
20160729,0.0016146723607066704
20160801,-0.0008292808401761942
20160802,-0.0064106389801241725
20160803,0.0029264339602759204
20160804,0.0010622985033417187
20160805,0.008180600897711221
20160808,-0.0005959313728448601
20160809,0.000596286718807848
20160810,-0.0024752525039175577
20160811,0.0046406414319291045
20160812,-0.0008686414417742316
20160815,0.002883423504145499
20160816,-0.00515731100668726
20160817,0.0018807145708563677
20160818,0.0022439786656214267
20160819,-0.00146188789084567
20160822,-4.568812083760587e-05
20160823,0.0020133817080507654
20160824,-0.005115038252548998
20160825,-0.000688499886173366
20160826,-0.0018834650717273194
20160829,0.004928366993675937
20160830,-0.0016526541958020724
20160831,-0.002844210639693201
20160901,4.643669063875144e-05
20160902,0.004507682896545795
20160906,0.0030263062030986276
20160907,-9.517903175859654e-05
20160908,-0.0022830112301909233
20160909,-0.023934830737372237
20160912,0.014347484984502223
20160913,-0.014375310009463904
20160914,-0.00037563613722546574
20160915,0.009993102170242407
20160916,-0.0038653390097005413
20160919,0.00018726313899075642
20160920,4.706279558130966e-05
20160921,0.01124543269390621
20160922,0.006301244719666199
20160923,-0.0054791270393411695
20160926,-0.008102228593032668
20160927,0.006208094217498905
20160928,0.004963484131891738
20160929,-0.009047470749669162
20160930,0.00754601651285447
20161003,-0.002403968693392655
20161004,-0.005097786844107666
20161005,0.004425192782186116
20161006,0.0006956363249746023
20161007,-0.003429217867146006
20161010,0.005208232856085404
20161011,-0.012629638514665142
20161012,0.0013120083804853966
20161013,-0.003275467757944406
20161014,0.0005166128442868345
20161017,-0.0034725299268151266
20161018,0.006262465302765419
20161019,0.002667064436092881
20161020,-0.0018667172066084703
20161021,0.0004675520891819218
20161024,0.00425293971192664
20161025,-0.0033504505200183665
20161026,-0.002007853004158955
20161027,-0.0026666898212229784
20161028,-0.0029554904470211474
20161031,4.674178911123761e-05
20161101,-0.007245152306907587
20161102,-0.00601857049508725
20161103,-0.004577304605724142
20161104,-0.001101743128092969
20161107,0.022057072203199635
20161108,0.0045040776909865965
20161109,0.010598359105202126
20161110,0.0024994538436040603
20161111,-0.002304997466012648
20161114,0.0007854088489396283
20161115,0.007802560933565239
20161116,-0.001878022090140985
20161117,0.005140580521313609
20161118,-0.0022378446500107563
20161121,0.007551491187178794
20161122,0.0019533138646605774
20161123,0.0005439215406788378
20161125,0.0037158484001125203
20161128,-0.004695131837744615
20161129,0.0019503900780155625
20161130,-0.002399266629932284
20161201,-0.003675173875998139
20161202,0.0005006809161018921
20161205,0.006008642983936552
20161206,0.0031674223791333667
20161207,0.013080746179652936
20161208,0.0024487990531441017
20161209,0.006040614379648979
20161212,-0.0011480453106783584
20161213,0.006674229377900298
20161214,-0.008254401013094492
20161215,0.004117328641991991
20161216,-0.0019561229681278602
20161219,0.002176979669787915
20161220,0.003857982732676124
20161221,-0.002782776602241799
20161222,-0.001727684436562904
20161223,0.0014643798392310892
20161227,0.0024811414019796363
20161228,-0.00826439145683533
20161229,-0.00022296188174020237
20161230,-0.003655261791919995
20170103,0.007650025417544448
20170104,0.005949337872953819
20170105,-0.0007941738867195403
20170106,0.0035775817024168433
20170109,-0.0033011560972511234
20170110,0.0
20170111,0.0028261313391464427
20170112,-0.0025099223654059255
20170113,0.002295851513216096
20170117,-0.003523841618328527
20170118,0.0022099495218173004
20170119,-0.0037041646125201
20170120,0.003673738224412748
20170123,-0.002601980300386053
20170124,0.00641154231186003
20170125,0.008655754464971244
20170126,-0.0010452645403340455
20170127,-0.0015697740178501896
20170130,-0.0062017532134505116
20170131,-8.823633219212645e-05
20170201,0.0003959060452944918
20170202,0.0006589465342605738
20170203,0.006892940239742407
20170206,-0.0017878649494708077
20170207,4.361518699780298e-05
20170208,0.0013102947736589599
20170209,0.0059326403161044095
20170210,0.0039463577729834665
20170213,0.0054427088094530784
20170214,0.003995357943320954
20170215,0.005220340053536221
20170216,-0.0008514475763773399
20170217,0.001576266029686968
20170221,0.005955362480754678
20170222,-0.0008880159154480705
20170223,0.0006770536682161321
20170224,0.0012687314613271106
20170227,0.0015628166090408957
20170228,-0.002699193079959139
20170301,0.013997879595929907
20170302,-0.006297387125231202
20170303,0.0006294934536326124
20170306,-0.0029779706645763904
20170307,-0.0029868654623020907
20170308,-0.0018564702154219015
20170309,0.001268087683400143
20170310,0.0035039020831881817
20170313,0.0005050064586946679
20170314,-0.0038267104848216382
20170315,0.008653595945009807
20170316,-0.0019671332949686704
20170317,-0.0017557512458189484
20170320,-0.0010968811374739706
20170321,-0.012839295217074942
20170322,0.002353263176193332
20170323,-0.0010673215119249013
20170324,-0.0007263139911254379
20170327,-0.0010262656544788307
20170328,0.007276811154446783
20170329,0.0009349450880484778
20170330,0.00318391855040856
20170331,-0.0023273107099280876
20170403,-0.0017395848374208711
20170404,0.0006378113290719245
20170405,-0.002972720084767011
20170406,0.002810825937290984
20170407,-0.0010193787526769915
20170410,0.0005954358190483067
20170411,-0.0011897038046186914
20170412,-0.004382000880813308
20170413,-0.006494807755352716
20170417,0.008859654667271455
20170418,-0.002983792987326317
20170419,-0.0018389742404991694
20170420,0.008139260370231494
20170421,-0.003187083793075196
20170424,0.010998142716056813
20170425,0.005818785231193058
20170426,-0.0006292017563290786
20170427,0.0008390105930187186
20170428,-0.002179327098791206
20170501,0.002520414540790439
20170502,0.00037668159810788637
20170503,-0.001214250219723545
20170504,0.0011740391887120616
20170505,0.003937086275549895
20170508,-0.00016680183626283096
20170509,-0.0009180140416469307
20170510,0.0017957437398314902
20170511,-0.0020430007739525857
20170512,-0.0016707000915026082
20170515,0.00552330550051594
20170516,-0.0009155693100808548
20170517,-0.017743934083413793
20170518,0.004028327975823531
20170519,0.006504537019542012
20170522,0.005077226257380829
20170523,0.0022129133986152905
20170524,0.0023327211178334473
20170525,0.004779437192302893
20170526,-0.0002069492022398478
20170530,-0.0008686512568618632
20170531,-0.00024833792572065416
20170601,0.007952368143443467
20170602,0.003328047827977132
20170605,-0.0007368671682970174
20170606,-0.003196774349274012
20170607,0.0018501050569983413
20170608,0.0004922728681813204
20170609,-0.0015177594253791282
20170612,-0.00020510243357141356
20170613,0.004889721505227929
20170614,-0.0012677396277556152
20170615,-0.0019241540845247318
20170616,0.00021854144640731654
20170619,0.00832492007030794
20170620,-0.006743754895298881
20170621,-0.0002469246158617322
20170622,-0.0004528069382594424
20170623,0.0011938617086570957
20170626,0.0006581409111536818
20170627,-0.008056039554420469
20170628,0.00895027840953655
20170629,-0.008788735579186469
20170630,0.0018646724548001536
20170703,0.0016953170202800294
20170705,0.0023122424089587756
20170706,-0.009144357620394006
20170707,0.006484800773205013
20170710,0.0010739845671350334
20170711,-0.0007427300965859862
20170712,0.0075149644365686274
20170713,0.0016799626988346361
20170714,0.00466450497380011
20170717,-0.00012218022064269807
20170718,0.0005290743432668776
20170719,0.005414015945257589
20170720,0.00044540055355057895
20170721,-0.0008904045204348732
20170724,-0.00024261843220574342
20170725,0.0024306942793073105
20170726,4.042058268227677e-05
20170727,-0.0009296358252701697
20170728,-0.0011732402049451363
20170731,-0.0005666215895455684
20170801,0.0022285516070497113
20170802,0.0004852431302877491
20170803,-0.00194003113437069
20170804,0.0018223145354077097
20170807,0.0018594219623031538
20170808,-0.0024611788408902546
20170809,-4.044674077552379e-05
20170810,-0.01411517871006207
20170811,0.00147698953534392
20170814,0.009913127978640635
20170815,-0.00012169456409127921
20170816,0.0017440648139503967
20170817,-0.015590869660643158
20170818,-0.001562899517018601
20170821,0.0007828945298844481
20170822,0.010456990865849392
20170823,-0.003585705548029283
20170824,-0.002330477545628984
20170825,0.002335921357901949
20170828,4.089328523471103e-05
20170829,0.0011449651651822546
20170830,0.004737563073447415
20170831,0.0060160965442961345
20170901,0.0014143202203471539
20170905,-0.007182236060526259
20170906,0.0034136583920447716
20170907,-0.00012151716135910817
20170908,-0.0011743730542367325
20170911,0.010665953771417769
20170912,0.0033705091881004456
20170913,0.00047994529655759344
20170914,-0.0003198100397140413
20170915,0.0013437178717057296
20170918,0.0021268811497268114
20170919,0.0010014076268953787
20170920,0.0003600091093862723
20170921,-0.0026796263243547003
20170922,0.00020080398827615475
20170925,-0.002044529211329138
20170926,0.000602235363552861
20170927,0.0038943453160884545
20170928,0.0011999320437914296
20170929,0.003515126284245662
20171002,0.004338479794294914
20171003,0.0021403613974986246
20171004,0.0011861738593179627
20171005,0.005925110625594199
20171006,-0.0011387123978048308
20171009,-0.0016511222793815783
20171010,0.00263858023989072
20171011,0.0015709129786494191
20171012,-0.0014904042637645665
20171013,0.0012173834114805882
20171016,0.001333842023242715
20171017,0.0007050137712412141
20171018,0.0009784494006368494
20171019,0.00027408300405018515
20171020,0.00516013356525713
20171023,-0.003889249813861295
20171024,0.0017568913593535296
20171025,-0.0049498735630122415
20171026,0.001292664964629875
20171027,0.008176308881291616
20171030,-0.0037253180035583533
20171031,0.0015578810317355973
20171101,0.0013224304257202224
20171102,0.0003881431009642444
20171103,0.003338646421267688
20171106,0.001547633834306339
20171107,-0.0006953177254759302
20171108,0.001701032036655059
20171109,-0.003627964523999494
20171110,-0.00030961381996730264
20171113,0.0009299583405197875
20171114,-0.002322942913512205
20171115,-0.005005042408963711
20171116,0.008501090750072215
20171117,-0.002938902034805846
20171120,0.0017063755868778063
20171121,0.006542944233766335
20171122,-0.0008844742461184829
20171124,0.002309742814030402
20171127,-0.0004993526909561341
20171128,0.010144596792266203
20171129,-0.0006085631965402349
20171130,0.008754797644587198
20171201,-0.002075018018618202
20171204,-0.0012102128857933714
20171205,-0.0035965525273701227
20171206,0.00018986850284830048
20171207,0.0031531699988291972
20171208,0.005452988689212068
20171211,0.0030129634809159533
20171212,0.0017651403071576865
20171213,-0.0001127089577951379
20171214,-0.004086059980761059
20171215,0.008328902637472435
20171218,0.006341082657774111
20171219,-0.003840059192642853
20171220,-0.0005243951325294427
20171221,0.0020600085637669796
20171222,-0.00026179583187613265
20171226,-0.0011962983996425258
20171227,0.0004865036089323205
20171228,0.002057773781086736
20171229,-0.0037704684132356947
20180102,0.007156973900582564
20180103,0.006325393549675207
20180104,0.004214827075186278
20180105,0.006663758303240286
20180108,0.0018288618304038717
20180109,0.002263539944833859
20180110,-0.0015297901918926993
20180111,0.007295987323484132
20180112,0.006518673085479598
20180116,-0.0034180759254910376
20180117,0.009531789930081747
20180118,-0.0016810031038589912
20180119,0.004549592619049747
20180122,0.008131220286705654
20180123,0.002122139583683902
20180124,-0.0003882037178867259
20180125,0.00042369360824179303
20180126,0.01157805813305024
20180129,-0.006629943853324605
20180130,-0.010257173533141484
20180131,0.0004968633376445375
20180201,-0.001135231529073133
20180202,-0.021770100479713395
20180205,-0.04182223232271709
20180206,0.01970212058775589
20180207,-0.005424910441904296
20180208,-0.03750893903320829
20180209,0.015021816593503878
20180212,0.014684287214219438
20180213,0.0024875941273518887
20180214,0.013496130583598331
20180215,0.012759996982966815
20180216,0.00029322300038092663
20180220,-0.006261516446274706
20180221,-0.004973933918855811
20180222,0.0012958239540172833
20180223,0.015939622748481597
20180226,0.011612234157578172
20180227,-0.012486850402207206
20180228,-0.010129760399666177
20180301,-0.014540850018360807
20180302,0.005154827769417558
20180305,0.01155807047127233
20180306,0.0025348973740091374
20180307,-0.000366340094694495
20180308,0.004839100588427403
20180309,0.01740235185182315
20180312,-0.0012552219792116848
20180313,-0.006462502995792652
20180314,-0.005131456544203661
20180315,-0.001089745870334835
20180316,0.0010831920950977736
20180319,-0.01353027799949258
20180320,0.0017005656007489378
20180321,-0.0019191829853313358
20180322,-0.02499735330444841
20180323,-0.021314261493011633
20180326,0.027358668111988838
20180327,-0.017011588774879183
20180328,-0.002954860057144182
20180329,0.012777589145211543
20180402,-0.02158444997650788
20180403,0.012816869621370852
20180404,0.010699201260222058
20180405,0.007891980925030628
20180406,-0.02228585046086562
20180409,0.0049282523056144445
20180410,0.015900590635154144
20180411,-0.005242434082660008
20180412,0.008227310973861979
20180413,-0.0029331172704624153
20180416,0.008221771478023276
20180417,0.010698044317692723
20180418,0.0007405558525104272
20180419,-0.0055475097187304145
20180420,-0.008479679410306695
20180423,-0.00014994089862718774
20180424,-0.013467268800814058
20180425,0.0024716834987104086
20180426,0.010165628880135724
20180427,0.0009388830158929551
20180430,-0.007690584930781563
20180501,0.0017766945143755652
20180502,-0.006717215856887115
20180503,-0.0022037204602753935
20180504,0.012946280044058733
20180507,0.003383344759960938
20180508,0.0
20180509,0.00966571430387475
20180510,0.009350879905759335
20180511,0.003051051612941169
20180514,0.00047645474146307265
20180515,-0.006887046991180035
20180516,0.0042050825527599756
20180517,-0.0008448173048497543
20180518,-0.0024999512718058003
20180521,0.007518650074232802
20180522,-0.002779980109197777
20180523,0.002751166999687804
20180524,-0.0020485015023378184
20180525,-0.0023827098446340678
20180529,-0.011500948152223467
20180530,0.01334461676598786
20180531,-0.006125848872908346
20180601,0.009817389126316911
20180604,0.004751486777418323
20180605,0.0007274817213467344
20180606,0.008360728972618192
20180607,-0.00010817703726417882
20180608,0.002956266899712068
20180611,0.0013302677459241519
20180612,0.0012923378639386751
20180613,-0.003191129011103633
20180614,0.0025179031610327307
20180615,-0.0012770935374959436
20180618,-0.002056932854093252
20180619,-0.0038326358427218654
20180620,0.0017058601968635845
20180621,-0.006268649979592866
20180622,0.0018230172089590546
20180625,-0.01361278431369528
20180626,0.002214087109759344
20180627,-0.008284095422953719
20180628,0.005717268753958171
20180629,0.0014398968729882888
20180702,0.0021378671370440028
20180703,-0.003531177376235095
20180705,0.008157814648684036
20180706,0.008458224495649036
20180709,0.009004361325821497
20180710,0.0035983957832712576
20180711,-0.0073144375453012556
20180712,0.009066194890018364
20180713,0.0007874586999827571
20180716,-0.0008944442514683404
20180717,0.00404541904003608
20180718,0.0021035730254868046
20180719,-0.0037712718549541835
20180720,-0.0011430915347888648
20180723,0.0018592720530952178
20180724,0.005032117090813193
20180725,0.00852267509138005
20180726,-0.002359091049317974
20180727,-0.006776583251865698
20180730,-0.0052233630055363856
20180731,0.004929520637771967
20180801,-0.0016708848410257326
20180802,0.005447639293663542
20180803,0.004285079862554442
20180806,0.003667144477377926
20180807,0.0033021672141226865
20180808,-0.0004199141319958244
20180809,-0.0013664036293453696
20180810,-0.006699910090191219
20180813,-0.003743674952682241
20180814,0.006380903093121448
20180815,-0.007467462085423371
20180816,0.00809120531911156
20180817,0.0035203625828528207
20180820,0.00214006204291306
20180821,0.0023453828439328195
20180822,-0.0005939137663756311
20180823,-0.0013276014200428454
20180824,0.006018161972884517
20180827,0.007895438313583636
20180828,0.0004830421601820234
20180829,0.005380807361416329
20180830,-0.004048231099019972
20180831,3.454510281342138e-05
20180904,-0.001722468413230982
20180905,-0.002691424812394372
20180906,-0.003009864510443161
20180907,-0.0019433971387917692
20180910,0.0017383318694297323
20180911,0.003297685354649582
20180912,0.00024213101588754782
20180913,0.005914526169742862
20180914,0.00017204775668222538
20180917,-0.005294457712746503
20180918,0.005426252511005369
20180919,0.0010653866544356738
20180920,0.008104053186541949
20180921,-0.0009151055337816016
20180924,-0.003321870540622718
20180925,-0.0009280239769619003
20180926,-0.002992314100814797
20180927,0.0027942965608547254
20180928,0.00010339153143812396
20181001,0.003474102375951915
20181002,-0.0005828360195541116
20181003,0.0005489350551799443
20181004,-0.007815961607875455
20181005,-0.0055967256885532946
20181008,0.0
20181009,-0.0014593588460074525
20181010,-0.03166321556691598
20181011,-0.02202673280262457
20181012,0.013888690472283471
20181015,-0.005617078966609679
20181016,0.02186567707196385
20181017,0.00017839307565026274
20181018,-0.014440891791297927
20181019,-0.0005429240795953305
20181022,-0.00448840410016238
20181023,-0.005090992462671529
20181024,-0.030298595972119258
20181025,0.017940679627608924
20181026,-0.017587520296210912
20181029,-0.00554010915456693
20181030,0.014818357925055592
20181031,0.010680987520402585
20181101,0.010641887628407787
20181102,-0.005923077602844162
20181105,0.005516980154872675
20181106,0.006327744248737055
20181107,0.021408919179792596
20181108,-0.0018148365600002547
20181109,-0.009768407739048524
20181112,-0.018684951968168106
20181113,-0.0018710318164083528
20181114,-0.006836872605887612
20181115,0.010436748868136947
20181116,0.002600423858311496
20181119,-0.016914581345012225
20181120,-0.018506014874635768
20181121,0.0034074098830803035
20181123,-0.006678668152313105
20181126,0.016144478371237225
20181127,0.003364355276545883
20181128,0.02302556621303853
20181129,-0.002185325558013762
20181130,0.0060954911699377945
20181203,0.013241379836183897
20181204,-0.03240238723936151
20181206,-0.0015172966766069385
20181207,-0.023236052040344513
20181210,0.001897044470103415
20181211,0.00022723021883330752
20181212,0.005035725923146828
20181213,-0.0003392584135690768
20181214,-0.01846477227322063
20181217,-0.0196182300342973
20181218,-0.00109671368612263
20181219,-0.014975763413341947
20181220,-0.016277905503663703
20181221,-0.020488076151409906
20181224,-0.026423023601240048
20181226,0.05052503648037199
20181227,0.007677245053078652
20181228,-0.001290007934622861
20181231,0.008758757175792109
20190102,0.0010405035552281117
20190103,-0.023862858097385753
20190104,0.033495789015246524
20190107,0.007884498125429129
20190108,0.009395432889764965
20190109,0.004673520838385681
20190110,0.0035275125730915846
20190111,0.0003862184971621385
20190114,-0.006100864561452202
20190115,0.011460783064213054
20190116,0.002419799497741071
20190117,0.007586554212777319
20190118,0.013310299917796531
20190122,-0.013510694692333458
20190123,0.00209263559205497
20190124,0.0005314864048555634
20190125,0.008461208822269084
20190128,-0.0076000967013442056
20190129,-0.001326952868614617
20190130,0.015830758863428107
20190131,0.00878240348844117
20190201,0.0004814917885136438
20190204,0.007035526973969031
20190205,0.004191978154999498
20190206,-0.001318296742246261
20190207,-0.009532919139501272
20190208,0.001221357749143559
20190211,0.0005546960856457339
20190212,0.012859421188993858
20190213,0.003247126984429416
20190214,-0.002218406888269353
20190215,0.010897369994250283
20190219,0.0017304185661783933
20190220,0.002015459628200267
20190221,-0.0035559851891491245
20190222,0.006199989681120233
20190225,0.0013616339607529504
20190226,-0.0007157733267351141
20190227,-0.0004293975753998369
20190228,-0.001862395294055852
20190301,0.006243561116717755
20190304,-0.0036374244516291787
20190305,-0.0013599927307509363
20190306,-0.006056970571121201
20190307,-0.008365524365352539
20190308,-0.001999802451125743
20190311,0.01450097373578041
20190312,0.0037709795916835986
20190313,0.006619466644736338
20190314,-0.0006398430212176676
20190315,0.004941056249709641
20190318,0.003625913411442472
20190319,0.0002479526406771182
20190320,-0.0030100545102748066
20190321,0.011294813777071866
20190322,-0.01924633060083636
20190325,-0.0007520623045810249
20190326,0.007454338125079341
20190327,-0.00522904644275346
20190328,0.003790268346535397
20190329,0.006305365563721743
20190401,0.011859320167767029
20190402,0.0004898328745546188
20190403,0.0015735360767519246
20190404,0.0026533040281120357
20190405,0.004840169020165375
20190408,0.0007623772761828906
20190409,-0.005124747328489554
20190410,0.0034111677185217903
20190411,-0.0002774644726407649
20190412,0.006765660070515267
20190415,-0.0006545968941421565
20190416,0.0006550256719126679
20190417,-0.002446672400065575
20190418,0.001968966585425891
20190422,0.0008622183040625231
20190423,0.008991382019601035
20190424,-0.002219024226005173
20190425,-0.0006161449189936441
20190426,0.004656881339101915
20190429,0.0015676692848847207
20190430,0.0005104117628320637
20190501,-0.007516418949611747
20190502,-0.0021590765696882785
20190503,0.009787772625315716
20190506,-0.004115034166953135
20190507,-0.016699726756932987
20190508,-0.0013894182398174193
20190509,-0.003025809460104223
20190510,0.005023486359042817
20190513,-0.025130167574166085
20190514,0.009043752518429038
20190515,0.00585718926120804
20190516,0.00926153988745737
20190517,-0.006465272570424951
20190520,-0.006612148886524172
20190521,0.009015672198936064
20190522,-0.003071434821139807
20190523,-0.012218344596575337
20190524,0.0022681003774511765
20190528,-0.009300532562531272
20190529,-0.006710430071994233
20190530,0.0027310138281404495
20190531,-0.01347510142579511
20190603,-0.002543119670973981
20190604,0.021706863017715516
20190605,0.008662090589130367
20190606,0.006502627482046774
20190607,0.010007034398427539
20190610,0.004588892709952663
20190611,-0.00024225512524389536
20190612,-0.0017653264395709467
20190613,0.004126259203379501
20190614,-0.0011049140297140214
20190617,0.00038009947314687764
20190618,0.010471230536739373
20190619,0.002257173328855666
20190620,0.009554256556527863
20190621,-0.0014548389920756577
20190624,-0.0012242255110005429
20190625,-0.009807923753281322
20190626,-0.0009975563074609006
20190627,0.0035458945668342956
20190628,0.005145929775867364
20190701,0.009078598397528781
20190702,0.0026041593725929513
20190703,0.007995074796465218
20190705,-0.0011376970226911753
20190708,-0.005494842797136301
20190709,0.0012464227249300297
20190710,0.0047781593741509365
20190711,0.002344092865180336
20190712,0.004476977028905704
20190715,0.00033259824301379304
20190716,-0.0034580781593813725
20190717,-0.006573012208650919
20190718,0.0036609622176877465
20190719,-0.005554895468132148
20190722,0.0024564692539015276
20190723,0.007150156766935201
20190724,0.004699463431060202
20190725,-0.004777068423237885
20190726,0.006699846728541292
20190729,-0.0018210528516631186
20190730,-0.0024548198459599657
20190731,-0.010940142460743818
20190801,-0.008708108693178063
20190802,-0.007529461660694681
20190805,-0.03007324099911135
20190806,0.014023167093390576
20190807,0.0005905903349638919
20190808,0.019619966274981415
20190809,-0.006811582757857204
20190812,-0.012173204963419115
20190813,0.0155518910825021
20190814,-0.029567723791609435
20190815,0.0026416606474237714
20190816,0.014755051024824217
20190819,0.012047683281178667
20190820,-0.007662454010757713
20190821,0.008135552819003466
20190822,-0.00030794389049937365
20190823,-0.025687599138907724
20190826,0.011058700400106147
20190827,-0.003923871783526822
20190828,0.007041862183738701
20190829,0.012772686245050124
20190830,-0.00044402066907367477
20190903,-0.00584739433454029
20190904,0.011350568062463706
20190905,0.012855256904472645
20190906,0.0007723145732494441
20190909,0.0005032494144383559
20190910,-0.00023466217152057212
20190911,0.007110960497017205
20190912,0.0034638365739356747
20190913,-0.0006637834004676879
20190916,-0.0030890555638066752
20190917,0.0025320113902576047
20190918,0.0005982085391431635
20190919,-6.635147994737967e-05
20190920,-0.004726395441866593
20190923,-0.00023490299197315156
20190924,-0.007846912303930864
20190925,0.0059148394070951404
20190926,-0.002083155899828437
20190927,-0.005387197911177144
20190930,0.00463782513348221
20191001,-0.011894837677251524
20191002,-0.017664723050510034
20191003,0.00819279832137787
20191004,0.013532231340450451
20191007,-0.0043148125912993995
20191008,-0.015524488063156983
20191009,0.009496148115769376
20191010,0.006763528383364914
20191011,0.010366850814751416
20191014,-0.0011135838097017237
20191015,0.00990042820849113
20191016,-0.001606200021719295
20191017,0.0029492647729125743
20191018,-0.004377319877969521
20191021,0.006779161651053078
20191022,-0.0032668053624931304
20191023,0.0029098217165604012
20191024,0.0016338297243621014
20191025,0.004094892276237827
20191028,0.005636767893210548
20191029,-0.0002969223018205458
20191030,0.003067295984547247
20191031,-0.0026632263694982283
20191101,0.009263807390528456
20191104,0.004017713346569751
20191105,-0.0011062577312329624
20191106,0.00022820859608074784
20191107,0.00351663026227933
20191108,0.0024661547344924095
20191111,-0.0019097698770657034
20191112,0.0021079076276648845
20191113,0.0003237908944397905
20191114,0.0014557540119073398
20191115,0.0072362339627991545
20191118,0.0007376254409394711
20191119,-0.00028829407184183253
20191120,-0.003718843782465009
20191121,-0.0016087389138095265
20191122,0.0022237166554583965
20191125,0.0077501655968725824
20191126,0.00226583718590323
20191127,0.0044574563399255585
20191129,-0.0037086778816477484
20191202,-0.008494670997051923
20191203,-0.0067066273738447535
20191204,0.006170388194876031
20191205,0.0017977162321138884
20191206,0.009134265781375772
20191209,-0.0031441663083338067
20191210,-0.0011151562105041757
20191211,0.002838491882346972
20191212,0.008619181045077084
20191213,0.0005991387867310127
20191216,0.006870059212331414
20191217,0.00021897913796387058
20191218,6.255177045688676e-05
20191219,0.004099141579010812
20191220,0.004383594721062867
20191223,0.0015278176951276645
20191224,3.128221988868418e-05
20191226,0.005323237365889577
20191227,-0.00024765481998190175
20191230,-0.005513272664044666
20191231,0.002429260986681836
20200102,0.009351668614200781
20200103,-0.0075720394764875465
20200106,0.003815065373861337
20200107,-0.0028117725033677266
20200108,0.005329314054945744
20200109,0.0067807087319637915
20200110,-0.00287752214800574
20200113,0.006877250862568296
20200114,-0.0015245093962429346
20200115,0.002259881698308819
20200116,0.008318058253276472
20200117,0.003112750284984145
20200121,-0.0019580424764557014
20200122,0.0001207027499801061
20200123,0.0011468471914313216
20200124,-0.008893184725149217
20200127,-0.016029488495363786
20200128,0.010479219373909165
20200129,-0.0008258920449627505
20200130,0.003245396625578545
20200131,-0.018158048146723726
20200203,0.007428585633499685
20200204,0.015241123764770714
20200205,0.01154824940928223
20200206,0.0033647620115502264
20200207,-0.005329706513079402
20200210,0.007465457559057365
20200211,0.0017328208399278733
20200212,0.006442796857691224
20200213,-0.0010669254920741
20200214,0.0016022496595180513
20200218,-0.002577053442348154
20200219,0.004781313232045337
20200220,-0.004108509253919368
20200221,-0.010298279461259052
20200224,-0.03316537211077075
20200225,-0.03030205697425281
20200226,-0.0036780271737829606
20200227,-0.0449118392718304
20200228,-0.004201572065525405
20200302,0.04330674596499828
20200303,-0.028632562274628626
20200304,0.04203290942633542
20200305,-0.03324160004614507
20200306,-0.016531239819256305
20200309,-0.07809427292579041
20200310,0.05174481863831981
20200311,-0.04874859619016947
20200312,-0.09567722330540473
20200313,0.08548658785956231
20200316,-0.10942380351206349
20200317,0.05399217079751084
20200318,-0.05063295759989195
20200319,0.0021250471022200568
20200320,-0.043096347758468156
20200323,-0.025567822360038073
20200324,0.09060321367696433
20200325,0.014969930596168801
20200326,0.05838977985752303
20200327,-0.02978552021436276
20200330,0.03247583328506409
20200331,-0.014905713376299867
20200401,-0.045004609377502613
20200402,0.023075314370668565
20200403,-0.014454358003712753
20200406,0.06716645644719366
20200407,0.0010195162897459475
20200408,0.03356824840250061
20200409,0.01521734035798028
20200413,-0.00912992546782776
20200414,0.029492574623554146
20200415,-0.021247882988295497
20200416,0.004824134692629878
20200417,0.027015477800105492
20200420,-0.017617998018459646
20200421,-0.030363309179329834
20200422,0.022194578607650506
20200423,-7.15854646445857e-05
20200424,0.013938614722093456
20200427,0.014418482170614588
20200428,-0.00459840566823011
20200429,0.026178484902214638
20200430,-0.00931057715774486
20200501,-0.026473658814756273
20200504,0.0027582875691418707
20200505,0.009239218545155525
20200506,-0.006778534510117229
20200507,0.012066667909864437
20200508,0.016546215021423283
20200511,0.00020530860427792064
20200512,-0.019931756742863738
20200513,-0.017685851318944845
20200514,0.011967373161591022
20200515,0.00459691419033903
20200518,0.030459809814906702
20200519,-0.010271371536500373
20200520,0.01698809562463488
20200521,-0.006903775242464549
20200522,0.001898859543506104
20200526,0.012320747256478137
20200527,0.014879050412901718
20200528,-0.001845081651747682
20200529,0.004456030512571374
20200601,0.004041674873282997
20200602,0.008280004884132053
20200603,0.013308491169418124
20200604,-0.002626936202184793
20200605,0.02562975166134218
20200608,0.01208717089145206
20200609,-0.007456611647793765
20200610,-0.005579975894249967
20200611,-0.05764894115722252
20200612,0.011975924042048058
20200615,0.009335469388808137
20200616,0.019247872883964012
20200617,-0.004154187655020625
20200618,0.00038529456881830626
20200619,-0.005714418362252505
20200622,0.006415439671356049
20200623,0.004603655936674
20200624,-0.025508821833407636
20200625,0.01072066626861612
20200626,-0.023751556519617023
20200629,0.014697635213982041
20200630,0.012809362931949897
20200701,0.007004807227099397
20200702,0.0055068840135639174
20200706,0.015437478099928681
20200707,-0.010313809332813118
20200708,0.007648750043260266
20200709,-0.005693018060310084
20200710,0.010210613886163733
20200713,-0.008659158249416432
20200714,0.012958905496147644
20200715,0.009187268806692517
20200716,-0.00329332612694877
20200717,0.002898933124273695
20200720,0.008081751909553958
20200721,0.0021276129678307054
20200722,0.005691982791651062
20200723,-0.011931838117236193
20200724,-0.00644020062855899
20200727,0.007292267937710761
20200728,-0.006342391155882532
20200729,0.012298700420468878
20200730,-0.003567680417745467
20200731,0.007902124432144442
20200803,0.006952152394711364
20200804,0.0038624614309474836
20200805,0.006211262248409177
20200806,0.006684478496691959
20200807,0.000717618163389222
20200810,0.002989144860075399
20200811,-0.008254777254994683
20200812,0.01394231135765156
20200813,-0.0018075872950373828
20200814,2.95281759061794e-05
20200817,0.0031765955741582808
20200818,0.0021603811978057053
20200819,-0.004163697164082603
20200820,0.0031136344142974615
20200821,0.0035473940424541883
20200824,0.010133110112930499
20200825,0.0034993947680732607
20200826,0.010025381234638253
20200827,0.0021867691850379067
20200828,0.00645945895548472
20200831,-0.0036226828464780425
20200901,0.009418530596496222
20200902,0.014464133111933064
20200903,-0.03441451711887733
20200904,-0.008164651753478358
20200908,-0.027322813954170466
20200909,0.019747227928892386
20200910,-0.017363648881177585
20200911,0.0005091347900159082
20200914,0.013171526049879034
20200915,0.005052287532703037
20200916,-0.003968644663989829
20200917,-0.00879534110215685
20200918,-0.011511557945054096
20200921,-0.01112956952824451
20200922,0.01018422307968403
20200923,-0.02319105459039217
20200924,0.0026656014286721152
20200925,0.016167007730253813
20200928,0.016609358731275448
20200929,-0.0054460991955320726
20200930,0.007582045303101026
20201001,0.006419936727296127
20201002,-0.009494545967134838
20201005,0.017733143218938707
20201006,-0.014216018503257044
20201007,0.017406822569020708
20201008,0.00886257053109274
20201009,0.008929970740158444
20201012,0.0160875965420455
20201013,-0.0065260701487289685
20201014,-0.006283408757912334
20201015,-0.0012359233588062901
20201016,-0.000604181799088721
20201019,-0.015203325154338532
20201020,0.00400544186803975
20201021,-0.001892875047579512
20201022,0.005485295908974397
20201023,0.003395307347914489
20201026,-0.018479886525884393
20201027,-0.0034475281744212882
20201028,-0.03417881510611631
20201029,0.010163562680873373
20201030,-0.010424924978280736
20201102,0.011208358704626109
20201103,0.0176558610209383
20201104,0.022349181977944887
20201105,0.01950283239940065
20201106,-0.00022829514897337866
20201109,0.012565740055923369
20201110,-0.0014668358255762737
20201111,0.007428609769572603
20201112,-0.009700650970702718
20201113,0.01384439048192787
20201116,0.012482463296420221
20201117,-0.005378346655365851
20201118,-0.01203476160750161
20201119,0.0042101649423405
20201120,-0.006847763069714574
20201123,0.005994309800928299
20201124,0.016113734426246085
20201125,-0.0015417925982823544
20201127,0.0027850867412924085
20201130,-0.004427029479063038
20201201,0.010937406208426204
20201202,0.002103609027539921
20201203,-0.0002725616412344589
20201204,0.008617666809646707
20201207,-0.0020550403150314533
20201208,0.0029260891356206464
20201209,-0.008968660072409151
20201210,-0.0003270755450822671
20201211,-0.001172564956901101
20201214,-0.004477204175853955
20201215,0.013519462137688842
20201216,0.0015690995961148424
20201217,0.005592065918545552
20201218,-0.003992448509851698
20201221,-0.003575489060050452
20201222,-0.0016852567533401919
20201223,0.0008984570822292426
20201224,0.0038904581495746715
20201228,0.008590923746618184
20201229,-0.0019077982266726412
20201230,0.001426673842036763
20201231,0.0050808149110834755
20210104,-0.01361388137767039
20210105,0.006887241817135736
20210106,0.0059786777840726835
20210107,0.014857325164112867
20210108,0.005697628231815521
20210111,-0.006740654048312922
20210112,0.0002113107887313781
20210113,0.0026927796937890047
20210114,-0.0035018402351981726
20210115,-0.0072926579264702696
20210119,0.0078517872347037
20210120,0.013838732341387994
20210121,0.0009116671368774032
20210122,-0.0035393486980168642
20210125,0.003943627758975055
20210126,-0.0015606755839898678
20210127,-0.024440458559222278
20210128,0.008600132806052097
20210129,-0.02001972439160915
20210201,0.016645578296422325
20210202,0.014140169955997983
20210203,0.00078640990818446
20210204,0.011365646314540845
20210205,0.003935891441227968
20210208,0.007221997365936206
20210209,-0.0006657798194222853
20210210,-0.000435637353697782
20210211,0.001615063674898165
20210212,0.004939654497265078
20210216,-0.0008659713260436019
20210217,0.0002293811020761538
20210218,-0.004255916239176871
20210219,-0.0017659574413273482
20210222,-0.00769182728189588
20210223,0.0012145368882421348
20210224,0.01101939680868158
20210225,-0.024095757158136832
20210226,-0.005152704011221587
20210301,0.024240093870523616
20210302,-0.0078032854823802955
20210303,-0.013245598753612864
20210304,-0.012374935773996287
20210305,0.01839672301106754
20210308,-0.004978866840762652
20210309,0.014277490927089076
20210310,0.006224655386044109
20210311,0.010139207078506463
20210312,0.00134691881450677
20210315,0.005963325014751275
20210316,-0.0012612117586477956
20210317,0.0034098516033191917
20210318,-0.014549546319590378
20210319,-0.0018509767058220161
20210322,0.007985113208086592
20210323,-0.007871001441824288
20210324,-0.005083329512572177
20210325,0.005625539311591821
20210326,0.016114905882461894
20210329,-0.0005049549176350254
20210330,-0.002653049739739566
20210331,0.0040534481759484375
20210401,0.010798972047217914
20210405,0.01435323898907992
20210406,-0.0005908132854725023
20210407,0.0011573742402337661
20210408,0.004746781173067038
20210409,0.007270109762620658
20210412,0.00036450248093311544
20210413,0.0029639461698045544
20210414,-0.0034151961404930153
20210415,0.01074228441609204
20210416,0.0033424701421278513
20210419,-0.00491296811511821
20210420,-0.00732162877909226
20210421,0.009462159031356165
20210422,-0.009133058701772723
20210423,0.010842351997539135
20210426,0.002087721874616477
20210427,-0.00021549642737195285
20210428,-0.00028739050145554224
20210429,0.006372721396965542
20210430,-0.00657049054408243
20210503,0.002156565190297055
20210504,-0.006169089920693094
20210505,0.00031260206336680696
20210506,0.007985633003550596
20210507,0.007278130845954411
20210510,-0.009902470269891328
20210511,-0.00892463844027902
20210512,-0.021245252317193764
20210513,0.01201248242956976
20210514,0.015355229994661768
20210517,-0.0025444250839611326
20210518,-0.00861564835270967
20210519,-0.0026217940865087552
20210520,0.010757955285233711
20210521,-0.0008187457752089067
20210524,0.010194230039684449
20210525,-0.002218748496600309
20210526,0.0019845224996106747
20210527,0.0005250136819572315
20210528,0.0017886082761238153
